dimension,key,maturity_year,companies
region,midwest,1996,1
region,midwest,1997,1
region,midwest,1998,1
region,midwest,2001,2
region,midwest,2002,2
region,midwest,2003,2
region,midwest,2004,4
region,midwest,2005,10
region,midwest,2006,7
region,midwest,2007,6
region,midwest,2008,2
region,midwest,2009,5
region,midwest,2010,7
region,midwest,2011,50
region,midwest,2012,65
region,midwest,2013,65
region,midwest,2014,113
region,midwest,2015,170
region,midwest,2016,253
region,midwest,2017,266
region,midwest,2018,241
region,midwest,2019,330
region,midwest,2020,404
region,midwest,2021,492
region,midwest,2022,512
region,midwest,2023,522
region,midwest,2024,601
region,midwest,2025,637
region,midwest,2026,699
region,midwest,2027,723
region,midwest,2028,687
region,midwest,2029,642
region,midwest,2030,713
region,midwest,2031,770
region,midwest,2032,770
region,midwest,2033,620
region,midwest,2034,712
region,midwest,2035,720
region,midwest,2036,471
region,midwest,2037,401
region,midwest,2038,351
region,midwest,2039,297
region,midwest,2040,330
region,midwest,2041,326
region,midwest,2042,316
region,midwest,2043,240
region,midwest,2044,253
region,midwest,2045,310
region,midwest,2046,475
region,midwest,2047,340
region,midwest,2048,261
region,midwest,2049,275
region,midwest,2050,308
region,midwest,2051,99
region,midwest,2052,5
state,IA,2011,5
state,IA,2012,2
state,IA,2013,6
state,IA,2014,2
state,IA,2015,4
state,IA,2016,12
state,IA,2017,7
state,IA,2018,13
state,IA,2019,16
state,IA,2020,25
state,IA,2021,19
state,IA,2022,21
state,IA,2023,22
state,IA,2024,23
state,IA,2025,22
state,IA,2026,22
state,IA,2027,34
state,IA,2028,35
state,IA,2029,27
state,IA,2030,40
state,IA,2031,19
state,IA,2032,30
state,IA,2033,23
state,IA,2034,15
state,IA,2035,25
state,IA,2036,8
state,IA,2037,16
state,IA,2038,13
state,IA,2039,13
state,IA,2040,11
state,IA,2041,17
state,IA,2042,7
state,IA,2043,9
state,IA,2044,6
state,IA,2045,13
state,IA,2046,11
state,IA,2047,10
state,IA,2048,4
state,IA,2049,6
state,IA,2050,13
state,IA,2051,3
state,IA,2052,1
state,IL,1996,1
state,IL,1997,1
state,IL,2002,2
state,IL,2005,1
state,IL,2007,2
state,IL,2009,1
state,IL,2010,1
state,IL,2011,1
state,IL,2012,4
state,IL,2013,9
state,IL,2014,12
state,IL,2015,24
state,IL,2016,35
state,IL,2017,37
state,IL,2018,32
state,IL,2019,59
state,IL,2020,56
state,IL,2021,60
state,IL,2022,87
state,IL,2023,82
state,IL,2024,105
state,IL,2025,111
state,IL,2026,108
state,IL,2027,111
state,IL,2028,105
state,IL,2029,108
state,IL,2030,103
state,IL,2031,112
state,IL,2032,149
state,IL,2033,102
state,IL,2034,127
state,IL,2035,121
state,IL,2036,70
state,IL,2037,96
state,IL,2038,64
state,IL,2039,50
state,IL,2040,54
state,IL,2041,51
state,IL,2042,42
state,IL,2043,49
state,IL,2044,47
state,IL,2045,49
state,IL,2046,97
state,IL,2047,63
state,IL,2048,45
state,IL,2049,46
state,IL,2050,66
state,IL,2051,24
state,IN,2001,1
state,IN,2003,1
state,IN,2004,2
state,IN,2005,1
state,IN,2007,2
state,IN,2008,1
state,IN,2009,2
state,IN,2011,7
state,IN,2012,7
state,IN,2013,10
state,IN,2014,9
state,IN,2015,22
state,IN,2016,28
state,IN,2017,22
state,IN,2018,40
state,IN,2019,33
state,IN,2020,34
state,IN,2021,54
state,IN,2022,42
state,IN,2023,48
state,IN,2024,45
state,IN,2025,36
state,IN,2026,70
state,IN,2027,70
state,IN,2028,54
state,IN,2029,58
state,IN,2030,58
state,IN,2031,69
state,IN,2032,48
state,IN,2033,51
state,IN,2034,63
state,IN,2035,70
state,IN,2036,53
state,IN,2037,33
state,IN,2038,35
state,IN,2039,21
state,IN,2040,25
state,IN,2041,30
state,IN,2042,26
state,IN,2043,16
state,IN,2044,21
state,IN,2045,22
state,IN,2046,29
state,IN,2047,25
state,IN,2048,20
state,IN,2049,19
state,IN,2050,20
state,IN,2051,5
state,KS,2007,1
state,KS,2009,1
state,KS,2011,3
state,KS,2012,3
state,KS,2013,6
state,KS,2015,6
state,KS,2016,14
state,KS,2017,14
state,KS,2018,8
state,KS,2019,12
state,KS,2020,18
state,KS,2021,25
state,KS,2022,17
state,KS,2023,16
state,KS,2024,21
state,KS,2025,17
state,KS,2026,20
state,KS,2027,32
state,KS,2028,27
state,KS,2029,24
state,KS,2030,24
state,KS,2031,34
state,KS,2032,32
state,KS,2033,13
state,KS,2034,21
state,KS,2035,22
state,KS,2036,15
state,KS,2037,13
state,KS,2038,6
state,KS,2039,13
state,KS,2040,17
state,KS,2041,18
state,KS,2042,16
state,KS,2043,3
state,KS,2044,9
state,KS,2045,5
state,KS,2046,6
state,KS,2047,7
state,KS,2048,6
state,KS,2049,7
state,KS,2050,6
state,KS,2051,2
state,KS,2052,1
state,MI,2005,1
state,MI,2010,2
state,MI,2011,8
state,MI,2012,4
state,MI,2013,8
state,MI,2014,14
state,MI,2015,14
state,MI,2016,23
state,MI,2017,36
state,MI,2018,19
state,MI,2019,45
state,MI,2020,45
state,MI,2021,61
state,MI,2022,71
state,MI,2023,76
state,MI,2024,90
state,MI,2025,85
state,MI,2026,96
state,MI,2027,88
state,MI,2028,96
state,MI,2029,91
state,MI,2030,108
state,MI,2031,103
state,MI,2032,99
state,MI,2033,121
state,MI,2034,112
state,MI,2035,130
state,MI,2036,82
state,MI,2037,70
state,MI,2038,69
state,MI,2039,52
state,MI,2040,46
state,MI,2041,40
state,MI,2042,59
state,MI,2043,29
state,MI,2044,25
state,MI,2045,38
state,MI,2046,58
state,MI,2047,44
state,MI,2048,41
state,MI,2049,37
state,MI,2050,38
state,MI,2051,14
state,MI,2052,1
state,MN,2003,1
state,MN,2004,1
state,MN,2005,3
state,MN,2006,2
state,MN,2007,1
state,MN,2010,1
state,MN,2011,6
state,MN,2012,15
state,MN,2013,13
state,MN,2014,22
state,MN,2015,34
state,MN,2016,32
state,MN,2017,38
state,MN,2018,30
state,MN,2019,49
state,MN,2020,69
state,MN,2021,82
state,MN,2022,72
state,MN,2023,79
state,MN,2024,87
state,MN,2025,90
state,MN,2026,93
state,MN,2027,105
state,MN,2028,88
state,MN,2029,85
state,MN,2030,97
state,MN,2031,118
state,MN,2032,88
state,MN,2033,64
state,MN,2034,86
state,MN,2035,78
state,MN,2036,52
state,MN,2037,45
state,MN,2038,32
state,MN,2039,32
state,MN,2040,35
state,MN,2041,31
state,MN,2042,38
state,MN,2043,25
state,MN,2044,39
state,MN,2045,51
state,MN,2046,63
state,MN,2047,62
state,MN,2048,29
state,MN,2049,33
state,MN,2050,37
state,MN,2051,10
state,MO,2008,1
state,MO,2011,5
state,MO,2012,9
state,MO,2013,4
state,MO,2014,11
state,MO,2015,20
state,MO,2016,22
state,MO,2017,18
state,MO,2018,16
state,MO,2019,17
state,MO,2020,33
state,MO,2021,38
state,MO,2022,38
state,MO,2023,39
state,MO,2024,39
state,MO,2025,53
state,MO,2026,58
state,MO,2027,48
state,MO,2028,56
state,MO,2029,53
state,MO,2030,59
state,MO,2031,56
state,MO,2032,55
state,MO,2033,45
state,MO,2034,64
state,MO,2035,58
state,MO,2036,41
state,MO,2037,27
state,MO,2038,25
state,MO,2039,19
state,MO,2040,26
state,MO,2041,34
state,MO,2042,31
state,MO,2043,21
state,MO,2044,17
state,MO,2045,18
state,MO,2046,34
state,MO,2047,22
state,MO,2048,17
state,MO,2049,19
state,MO,2050,32
state,MO,2051,8
state,ND,2005,1
state,ND,2011,1
state,ND,2012,2
state,ND,2014,5
state,ND,2015,4
state,ND,2016,2
state,ND,2017,10
state,ND,2018,3
state,ND,2019,7
state,ND,2020,6
state,ND,2021,9
state,ND,2022,4
state,ND,2023,4
state,ND,2024,15
state,ND,2025,8
state,ND,2026,12
state,ND,2027,7
state,ND,2028,13
state,ND,2029,5
state,ND,2030,10
state,ND,2031,5
state,ND,2032,9
state,ND,2033,7
state,ND,2034,8
state,ND,2035,9
state,ND,2036,8
state,ND,2037,6
state,ND,2038,5
state,ND,2039,7
state,ND,2040,2
state,ND,2041,6
state,ND,2042,3
state,ND,2043,5
state,ND,2044,7
state,ND,2045,11
state,ND,2046,18
state,ND,2047,9
state,ND,2048,2
state,ND,2049,7
state,ND,2050,6
state,ND,2051,3
state,NE,2014,2
state,NE,2015,4
state,NE,2016,11
state,NE,2017,6
state,NE,2018,7
state,NE,2019,5
state,NE,2020,14
state,NE,2021,14
state,NE,2022,16
state,NE,2023,15
state,NE,2024,13
state,NE,2025,23
state,NE,2026,20
state,NE,2027,18
state,NE,2028,15
state,NE,2029,17
state,NE,2030,18
state,NE,2031,19
state,NE,2032,23
state,NE,2033,14
state,NE,2034,20
state,NE,2035,10
state,NE,2036,11
state,NE,2037,9
state,NE,2038,8
state,NE,2039,10
state,NE,2040,10
state,NE,2041,8
state,NE,2042,8
state,NE,2043,9
state,NE,2044,6
state,NE,2045,14
state,NE,2046,5
state,NE,2047,9
state,NE,2048,2
state,NE,2049,7
state,NE,2050,10
state,NE,2051,3
state,OH,2005,1
state,OH,2006,2
state,OH,2010,1
state,OH,2011,8
state,OH,2012,16
state,OH,2013,6
state,OH,2014,17
state,OH,2015,27
state,OH,2016,43
state,OH,2017,48
state,OH,2018,42
state,OH,2019,51
state,OH,2020,55
state,OH,2021,69
state,OH,2022,76
state,OH,2023,81
state,OH,2024,86
state,OH,2025,105
state,OH,2026,110
state,OH,2027,103
state,OH,2028,107
state,OH,2029,91
state,OH,2030,98
state,OH,2031,125
state,OH,2032,131
state,OH,2033,96
state,OH,2034,122
state,OH,2035,107
state,OH,2036,64
state,OH,2037,42
state,OH,2038,54
state,OH,2039,40
state,OH,2040,44
state,OH,2041,57
state,OH,2042,38
state,OH,2043,39
state,OH,2044,44
state,OH,2045,42
state,OH,2046,67
state,OH,2047,42
state,OH,2048,46
state,OH,2049,53
state,OH,2050,34
state,OH,2051,15
state,OH,2052,1
state,SD,2011,2
state,SD,2014,1
state,SD,2015,1
state,SD,2016,2
state,SD,2017,1
state,SD,2018,2
state,SD,2019,4
state,SD,2020,6
state,SD,2021,6
state,SD,2022,9
state,SD,2023,4
state,SD,2024,8
state,SD,2025,6
state,SD,2026,8
state,SD,2027,10
state,SD,2028,9
state,SD,2029,16
state,SD,2030,9
state,SD,2031,15
state,SD,2032,8
state,SD,2033,14
state,SD,2034,2
state,SD,2035,8
state,SD,2036,4
state,SD,2037,10
state,SD,2038,8
state,SD,2039,2
state,SD,2040,12
state,SD,2041,5
state,SD,2042,6
state,SD,2043,6
state,SD,2044,3
state,SD,2045,7
state,SD,2046,20
state,SD,2047,5
state,SD,2048,8
state,SD,2049,8
state,SD,2050,10
state,SD,2051,5
state,WI,1998,1
state,WI,2001,1
state,WI,2004,1
state,WI,2005,2
state,WI,2006,3
state,WI,2009,1
state,WI,2010,2
state,WI,2011,4
state,WI,2012,3
state,WI,2013,3
state,WI,2014,18
state,WI,2015,10
state,WI,2016,29
state,WI,2017,29
state,WI,2018,29
state,WI,2019,32
state,WI,2020,43
state,WI,2021,55
state,WI,2022,59
state,WI,2023,56
state,WI,2024,69
state,WI,2025,81
state,WI,2026,82
state,WI,2027,97
state,WI,2028,82
state,WI,2029,67
state,WI,2030,89
state,WI,2031,95
state,WI,2032,98
state,WI,2033,70
state,WI,2034,72
state,WI,2035,82
state,WI,2036,63
state,WI,2037,34
state,WI,2038,32
state,WI,2039,38
state,WI,2040,48
state,WI,2041,29
state,WI,2042,42
state,WI,2043,29
state,WI,2044,29
state,WI,2045,40
state,WI,2046,67
state,WI,2047,42
state,WI,2048,41
state,WI,2049,33
state,WI,2050,36
state,WI,2051,7
state,WI,2052,1
